data,OCR,UV,search
2025.6.1,0.798,0.01,0.06674
2025.6.2,-0.708,1.04,0.24861
2025.6.3,-0.741,1.15,0.24864
2025.6.4,0.464,1.2,0.30671
2025.6.5,-0.514,4.77,0.39196
2025.6.6,0.078,5.45,0.60668
2025.6.7,0.031,5.92,0.64813
2025.6.8,0.048,6.28,0.88923
2025.6.9,-0.764,6.43,1.07432
2025.6.10,0.519,7.26,1.07434
2025.6.11,-0.501,7.99,1.46833
2025.6.12,-0.485,8.18,2.24041
2025.6.13,0.689,8.2,1.74046
2025.6.14,-0.589,8.71,2.14497
2025.6.15,-0.153,9.05,2.14497
